"Benchmark","Mode","Threads","Samples","Score","Score Error (99.9%)","Unit","Param: classType","Param: limit","Param: methodSize","Param: objectSize","Param: useAsm"
"org.sfm.benchmark.csv.ObjectSizeCsvMapperBenchmark.testJacksonCsvMapper","avgt",1,100.000000,348224.399085,3317.041449,"ns/op",GS,1000,,2,
"org.sfm.benchmark.csv.ObjectSizeCsvMapperBenchmark.testJacksonCsvMapper","avgt",1,100.000000,723127.514541,2869.181528,"ns/op",GS,1000,,4,
"org.sfm.benchmark.csv.ObjectSizeCsvMapperBenchmark.testJacksonCsvMapper","avgt",1,100.000000,1513752.390332,5043.660674,"ns/op",GS,1000,,8,
"org.sfm.benchmark.csv.ObjectSizeCsvMapperBenchmark.testJacksonCsvMapper","avgt",1,100.000000,3016620.721247,9323.715784,"ns/op",GS,1000,,16,
"org.sfm.benchmark.csv.ObjectSizeCsvMapperBenchmark.testJacksonCsvMapper","avgt",1,100.000000,6254586.448806,24355.539115,"ns/op",GS,1000,,32,
"org.sfm.benchmark.csv.ObjectSizeCsvMapperBenchmark.testJacksonCsvMapper","avgt",1,100.000000,13726348.563645,67615.129628,"ns/op",GS,1000,,64,
"org.sfm.benchmark.csv.ObjectSizeCsvMapperBenchmark.testJacksonCsvMapper","avgt",1,100.000000,30249258.843625,155386.428866,"ns/op",GS,1000,,128,
"org.sfm.benchmark.csv.ObjectSizeCsvMapperBenchmark.testJacksonCsvMapper","avgt",1,100.000000,75684709.272637,473145.301628,"ns/op",GS,1000,,256,
"org.sfm.benchmark.csv.ObjectSizeCsvMapperBenchmark.testJacksonCsvMapper","avgt",1,100.000000,178782603.701667,1217067.781412,"ns/op",GS,1000,,512,
"org.sfm.benchmark.csv.ObjectSizeCsvMapperBenchmark.testJacksonCsvMapper","avgt",1,100.000000,624638971.588333,30118654.998740,"ns/op",GS,1000,,1024,
"org.sfm.benchmark.csv.ObjectSizeCsvMapperBenchmark.testJacksonCsvMapper","avgt",1,100.000000,2376364058.090000,27811886.171754,"ns/op",GS,1000,,2048,
"org.sfm.benchmark.csv.ObjectSizeCsvMapperBenchmark.testJacksonCsvMapper","avgt",1,100.000000,4681156648.350000,30063729.996653,"ns/op",GS,1000,,4096,
"org.sfm.benchmark.csv.ObjectSizeCsvMapperBenchmark.testJacksonCsvMapper","avgt",1,100.000000,8303240402.120000,64110852.914927,"ns/op",GS,1000,,8192,
"org.sfm.benchmark.csv.ObjectSizeCsvMapperBenchmark.testOpenCsvMapper","avgt",1,100.000000,1117736.269579,5322.891478,"ns/op",GS,1000,,2,
"org.sfm.benchmark.csv.ObjectSizeCsvMapperBenchmark.testOpenCsvMapper","avgt",1,100.000000,2259180.431828,17183.933504,"ns/op",GS,1000,,4,
"org.sfm.benchmark.csv.ObjectSizeCsvMapperBenchmark.testOpenCsvMapper","avgt",1,100.000000,4251805.438730,16340.604141,"ns/op",GS,1000,,8,
"org.sfm.benchmark.csv.ObjectSizeCsvMapperBenchmark.testOpenCsvMapper","avgt",1,100.000000,8845360.573406,67560.677046,"ns/op",GS,1000,,16,
"org.sfm.benchmark.csv.ObjectSizeCsvMapperBenchmark.testOpenCsvMapper","avgt",1,100.000000,17767466.642306,59937.351376,"ns/op",GS,1000,,32,
"org.sfm.benchmark.csv.ObjectSizeCsvMapperBenchmark.testOpenCsvMapper","avgt",1,100.000000,36295407.659012,183537.913773,"ns/op",GS,1000,,64,
"org.sfm.benchmark.csv.ObjectSizeCsvMapperBenchmark.testOpenCsvMapper","avgt",1,100.000000,77357887.581154,262097.293632,"ns/op",GS,1000,,128,
"org.sfm.benchmark.csv.ObjectSizeCsvMapperBenchmark.testOpenCsvMapper","avgt",1,100.000000,179291796.863333,660279.705314,"ns/op",GS,1000,,256,
"org.sfm.benchmark.csv.ObjectSizeCsvMapperBenchmark.testOpenCsvMapper","avgt",1,100.000000,402926589.465000,13805256.764365,"ns/op",GS,1000,,512,
"org.sfm.benchmark.csv.ObjectSizeCsvMapperBenchmark.testOpenCsvMapper","avgt",1,100.000000,1235366444.510000,19286940.082762,"ns/op",GS,1000,,1024,
"org.sfm.benchmark.csv.ObjectSizeCsvMapperBenchmark.testOpenCsvMapper","avgt",1,100.000000,3649288770.790000,23698080.905328,"ns/op",GS,1000,,2048,
"org.sfm.benchmark.csv.ObjectSizeCsvMapperBenchmark.testOpenCsvMapper","avgt",1,100.000000,7230389060.970000,30416283.093539,"ns/op",GS,1000,,4096,
"org.sfm.benchmark.csv.ObjectSizeCsvMapperBenchmark.testOpenCsvMapper","avgt",1,100.000000,13105251826.430000,117697220.529934,"ns/op",GS,1000,,8192,
"org.sfm.benchmark.csv.ObjectSizeCsvMapperBenchmark.testReadSfmCsvMapperAsm","avgt",1,100.000000,172054.432034,354.762148,"ns/op",GS,1000,,2,
"org.sfm.benchmark.csv.ObjectSizeCsvMapperBenchmark.testReadSfmCsvMapperAsm","avgt",1,100.000000,463994.698884,15474.066042,"ns/op",GS,1000,,4,
"org.sfm.benchmark.csv.ObjectSizeCsvMapperBenchmark.testReadSfmCsvMapperAsm","avgt",1,100.000000,874983.164900,6998.029468,"ns/op",GS,1000,,8,
"org.sfm.benchmark.csv.ObjectSizeCsvMapperBenchmark.testReadSfmCsvMapperAsm","avgt",1,100.000000,1230699.993028,2477.351244,"ns/op",GS,1000,,16,
"org.sfm.benchmark.csv.ObjectSizeCsvMapperBenchmark.testReadSfmCsvMapperAsm","avgt",1,100.000000,2587430.787130,12039.179387,"ns/op",GS,1000,,32,
"org.sfm.benchmark.csv.ObjectSizeCsvMapperBenchmark.testReadSfmCsvMapperAsm","avgt",1,100.000000,5920197.238488,18959.286787,"ns/op",GS,1000,,64,
"org.sfm.benchmark.csv.ObjectSizeCsvMapperBenchmark.testReadSfmCsvMapperAsm","avgt",1,100.000000,14099142.623817,135882.304734,"ns/op",GS,1000,,128,
"org.sfm.benchmark.csv.ObjectSizeCsvMapperBenchmark.testReadSfmCsvMapperAsm","avgt",1,100.000000,34916435.024918,141983.363262,"ns/op",GS,1000,,256,
"org.sfm.benchmark.csv.ObjectSizeCsvMapperBenchmark.testReadSfmCsvMapperAsm","avgt",1,100.000000,87486944.127500,343071.256005,"ns/op",GS,1000,,512,
"org.sfm.benchmark.csv.ObjectSizeCsvMapperBenchmark.testReadSfmCsvMapperAsm","avgt",1,100.000000,209693189.026833,6314644.483330,"ns/op",GS,1000,,1024,
"org.sfm.benchmark.csv.ObjectSizeCsvMapperBenchmark.testReadSfmCsvMapperAsm","avgt",1,100.000000,579982446.320000,7945919.511263,"ns/op",GS,1000,,2048,
"org.sfm.benchmark.csv.ObjectSizeCsvMapperBenchmark.testReadSfmCsvMapperAsm","avgt",1,100.000000,1287979759.070000,66809937.840559,"ns/op",GS,1000,,4096,
"org.sfm.benchmark.csv.ObjectSizeCsvMapperBenchmark.testReadSfmCsvMapperAsm","avgt",1,100.000000,4701486411.170000,464767337.279463,"ns/op",GS,1000,,8192,
"org.sfm.benchmark.csv.ObjectSizeSfmCsvMapperBenchmark.testMap","avgt",1,100.000000,171268.546872,208.291659,"ns/op",GS,1000,,2,FULL_ASM
"org.sfm.benchmark.csv.ObjectSizeSfmCsvMapperBenchmark.testMap","avgt",1,100.000000,191767.377312,352.909050,"ns/op",GS,1000,,2,PARTIAL_ASM
"org.sfm.benchmark.csv.ObjectSizeSfmCsvMapperBenchmark.testMap","avgt",1,100.000000,208276.748421,972.206733,"ns/op",GS,1000,,2,NO_ASM
"org.sfm.benchmark.csv.ObjectSizeSfmCsvMapperBenchmark.testMap","avgt",1,100.000000,464839.785025,15491.400061,"ns/op",GS,1000,,4,FULL_ASM
"org.sfm.benchmark.csv.ObjectSizeSfmCsvMapperBenchmark.testMap","avgt",1,100.000000,347902.852820,4036.615923,"ns/op",GS,1000,,4,PARTIAL_ASM
"org.sfm.benchmark.csv.ObjectSizeSfmCsvMapperBenchmark.testMap","avgt",1,100.000000,559628.867738,4217.155266,"ns/op",GS,1000,,4,NO_ASM
"org.sfm.benchmark.csv.ObjectSizeSfmCsvMapperBenchmark.testMap","avgt",1,100.000000,862780.038239,6199.726083,"ns/op",GS,1000,,8,FULL_ASM
"org.sfm.benchmark.csv.ObjectSizeSfmCsvMapperBenchmark.testMap","avgt",1,100.000000,855233.634324,1994.963882,"ns/op",GS,1000,,8,PARTIAL_ASM
"org.sfm.benchmark.csv.ObjectSizeSfmCsvMapperBenchmark.testMap","avgt",1,100.000000,1090759.110582,7771.534703,"ns/op",GS,1000,,8,NO_ASM
"org.sfm.benchmark.csv.ObjectSizeSfmCsvMapperBenchmark.testMap","avgt",1,100.000000,1244770.256656,6709.512845,"ns/op",GS,1000,,16,FULL_ASM
"org.sfm.benchmark.csv.ObjectSizeSfmCsvMapperBenchmark.testMap","avgt",1,100.000000,1916121.737849,10896.926717,"ns/op",GS,1000,,16,PARTIAL_ASM
"org.sfm.benchmark.csv.ObjectSizeSfmCsvMapperBenchmark.testMap","avgt",1,100.000000,2197629.004659,15273.415915,"ns/op",GS,1000,,16,NO_ASM
"org.sfm.benchmark.csv.ObjectSizeSfmCsvMapperBenchmark.testMap","avgt",1,100.000000,2616506.970985,9085.924855,"ns/op",GS,1000,,32,FULL_ASM
"org.sfm.benchmark.csv.ObjectSizeSfmCsvMapperBenchmark.testMap","avgt",1,100.000000,4011998.772942,20198.515850,"ns/op",GS,1000,,32,PARTIAL_ASM
"org.sfm.benchmark.csv.ObjectSizeSfmCsvMapperBenchmark.testMap","avgt",1,100.000000,4606672.644254,19420.191664,"ns/op",GS,1000,,32,NO_ASM
"org.sfm.benchmark.csv.ObjectSizeSfmCsvMapperBenchmark.testMap","avgt",1,100.000000,5896451.727427,20056.786536,"ns/op",GS,1000,,64,FULL_ASM
"org.sfm.benchmark.csv.ObjectSizeSfmCsvMapperBenchmark.testMap","avgt",1,100.000000,8433730.435079,75773.687845,"ns/op",GS,1000,,64,PARTIAL_ASM
"org.sfm.benchmark.csv.ObjectSizeSfmCsvMapperBenchmark.testMap","avgt",1,100.000000,9828934.957191,46300.787241,"ns/op",GS,1000,,64,NO_ASM
"org.sfm.benchmark.csv.ObjectSizeSfmCsvMapperBenchmark.testMap","avgt",1,100.000000,13880621.021240,122129.381626,"ns/op",GS,1000,,128,FULL_ASM
"org.sfm.benchmark.csv.ObjectSizeSfmCsvMapperBenchmark.testMap","avgt",1,100.000000,17925140.268542,93715.034395,"ns/op",GS,1000,,128,PARTIAL_ASM
"org.sfm.benchmark.csv.ObjectSizeSfmCsvMapperBenchmark.testMap","avgt",1,100.000000,22760186.290902,179276.340918,"ns/op",GS,1000,,128,NO_ASM
"org.sfm.benchmark.csv.ObjectSizeSfmCsvMapperBenchmark.testMap","avgt",1,100.000000,34384914.051644,117360.486115,"ns/op",GS,1000,,256,FULL_ASM
"org.sfm.benchmark.csv.ObjectSizeSfmCsvMapperBenchmark.testMap","avgt",1,100.000000,36926887.896508,165990.030762,"ns/op",GS,1000,,256,PARTIAL_ASM
"org.sfm.benchmark.csv.ObjectSizeSfmCsvMapperBenchmark.testMap","avgt",1,100.000000,54663078.868810,421074.979019,"ns/op",GS,1000,,256,NO_ASM
"org.sfm.benchmark.csv.ObjectSizeSfmCsvMapperBenchmark.testMap","avgt",1,100.000000,90232644.442197,679851.424323,"ns/op",GS,1000,,512,FULL_ASM
"org.sfm.benchmark.csv.ObjectSizeSfmCsvMapperBenchmark.testMap","avgt",1,100.000000,95690403.160909,465014.111627,"ns/op",GS,1000,,512,PARTIAL_ASM
"org.sfm.benchmark.csv.ObjectSizeSfmCsvMapperBenchmark.testMap","avgt",1,100.000000,138918650.176250,864506.355120,"ns/op",GS,1000,,512,NO_ASM
"org.sfm.benchmark.csv.ObjectSizeSfmCsvMapperBenchmark.testMap","avgt",1,100.000000,209418160.433333,6071461.509954,"ns/op",GS,1000,,1024,FULL_ASM
"org.sfm.benchmark.csv.ObjectSizeSfmCsvMapperBenchmark.testMap","avgt",1,100.000000,227099490.467500,8095852.950268,"ns/op",GS,1000,,1024,PARTIAL_ASM
"org.sfm.benchmark.csv.ObjectSizeSfmCsvMapperBenchmark.testMap","avgt",1,100.000000,443915814.090000,33760534.373040,"ns/op",GS,1000,,1024,NO_ASM
"org.sfm.benchmark.csv.ObjectSizeSfmCsvMapperBenchmark.testMap","avgt",1,100.000000,596492766.515000,14342574.481622,"ns/op",GS,1000,,2048,FULL_ASM
"org.sfm.benchmark.csv.ObjectSizeSfmCsvMapperBenchmark.testMap","avgt",1,100.000000,568547316.540000,6900649.129101,"ns/op",GS,1000,,2048,PARTIAL_ASM
"org.sfm.benchmark.csv.ObjectSizeSfmCsvMapperBenchmark.testMap","avgt",1,100.000000,2129017910.310000,16579853.048183,"ns/op",GS,1000,,2048,NO_ASM
"org.sfm.benchmark.csv.ObjectSizeSfmCsvMapperBenchmark.testMap","avgt",1,100.000000,1397377336.670000,49623683.884406,"ns/op",GS,1000,,4096,FULL_ASM
"org.sfm.benchmark.csv.ObjectSizeSfmCsvMapperBenchmark.testMap","avgt",1,100.000000,1288507380.120000,65798602.397621,"ns/op",GS,1000,,4096,PARTIAL_ASM
"org.sfm.benchmark.csv.ObjectSizeSfmCsvMapperBenchmark.testMap","avgt",1,100.000000,4186515975.920000,24073534.863916,"ns/op",GS,1000,,4096,NO_ASM
"org.sfm.benchmark.csv.ObjectSizeSfmCsvMapperBenchmark.testMap","avgt",1,100.000000,4758005313.410000,485775684.839394,"ns/op",GS,1000,,8192,PARTIAL_ASM
"org.sfm.benchmark.csv.ObjectSizeSfmCsvMapperBenchmark.testMap","avgt",1,100.000000,6929379765.550000,73139717.451656,"ns/op",GS,1000,,8192,NO_ASM
"org.sfm.benchmark.csv.ObjectSizeSfmCsvMapperShardingBenchmark.testMap","avgt",1,100.000000,171536.455166,380.427202,"ns/op",GS,1000,2,2,
"org.sfm.benchmark.csv.ObjectSizeSfmCsvMapperShardingBenchmark.testMap","avgt",1,100.000000,351722.721054,1690.960489,"ns/op",GS,1000,2,4,
"org.sfm.benchmark.csv.ObjectSizeSfmCsvMapperShardingBenchmark.testMap","avgt",1,100.000000,664839.777074,4407.304415,"ns/op",GS,1000,2,8,
"org.sfm.benchmark.csv.ObjectSizeSfmCsvMapperShardingBenchmark.testMap","avgt",1,100.000000,1635517.747651,3786.382775,"ns/op",GS,1000,2,16,
"org.sfm.benchmark.csv.ObjectSizeSfmCsvMapperShardingBenchmark.testMap","avgt",1,100.000000,2753576.376992,132077.632176,"ns/op",GS,1000,2,32,
"org.sfm.benchmark.csv.ObjectSizeSfmCsvMapperShardingBenchmark.testMap","avgt",1,100.000000,6365099.520159,26725.158879,"ns/op",GS,1000,2,64,
"org.sfm.benchmark.csv.ObjectSizeSfmCsvMapperShardingBenchmark.testMap","avgt",1,100.000000,15182432.475913,115623.698980,"ns/op",GS,1000,2,128,
"org.sfm.benchmark.csv.ObjectSizeSfmCsvMapperShardingBenchmark.testMap","avgt",1,100.000000,40332603.673344,913166.125461,"ns/op",GS,1000,2,256,
"org.sfm.benchmark.csv.ObjectSizeSfmCsvMapperShardingBenchmark.testMap","avgt",1,100.000000,105767267.733000,571265.110213,"ns/op",GS,1000,2,512,
"org.sfm.benchmark.csv.ObjectSizeSfmCsvMapperShardingBenchmark.testMap","avgt",1,100.000000,243942675.363167,6951762.224308,"ns/op",GS,1000,2,1024,
"org.sfm.benchmark.csv.ObjectSizeSfmCsvMapperShardingBenchmark.testMap","avgt",1,100.000000,568679446.350000,11080351.534913,"ns/op",GS,1000,2,2048,
"org.sfm.benchmark.csv.ObjectSizeSfmCsvMapperShardingBenchmark.testMap","avgt",1,100.000000,1406124821.550000,69163719.852705,"ns/op",GS,1000,2,4096,
"org.sfm.benchmark.csv.ObjectSizeSfmCsvMapperShardingBenchmark.testMap","avgt",1,100.000000,171498.023798,242.840369,"ns/op",GS,1000,4,2,
"org.sfm.benchmark.csv.ObjectSizeSfmCsvMapperShardingBenchmark.testMap","avgt",1,100.000000,464117.737570,15275.337254,"ns/op",GS,1000,4,4,
"org.sfm.benchmark.csv.ObjectSizeSfmCsvMapperShardingBenchmark.testMap","avgt",1,100.000000,625875.297758,20562.733452,"ns/op",GS,1000,4,8,
"org.sfm.benchmark.csv.ObjectSizeSfmCsvMapperShardingBenchmark.testMap","avgt",1,100.000000,2009809.037340,33760.673360,"ns/op",GS,1000,4,16,
"org.sfm.benchmark.csv.ObjectSizeSfmCsvMapperShardingBenchmark.testMap","avgt",1,100.000000,3297857.803574,12626.079487,"ns/op",GS,1000,4,32,
"org.sfm.benchmark.csv.ObjectSizeSfmCsvMapperShardingBenchmark.testMap","avgt",1,100.000000,7005438.992331,34843.566431,"ns/op",GS,1000,4,64,
"org.sfm.benchmark.csv.ObjectSizeSfmCsvMapperShardingBenchmark.testMap","avgt",1,100.000000,15721161.132473,92117.303807,"ns/op",GS,1000,4,128,
"org.sfm.benchmark.csv.ObjectSizeSfmCsvMapperShardingBenchmark.testMap","avgt",1,100.000000,44221451.273297,299375.938963,"ns/op",GS,1000,4,256,
"org.sfm.benchmark.csv.ObjectSizeSfmCsvMapperShardingBenchmark.testMap","avgt",1,100.000000,106129581.446000,391396.005109,"ns/op",GS,1000,4,512,
"org.sfm.benchmark.csv.ObjectSizeSfmCsvMapperShardingBenchmark.testMap","avgt",1,100.000000,244348765.607000,4188866.996939,"ns/op",GS,1000,4,1024,
"org.sfm.benchmark.csv.ObjectSizeSfmCsvMapperShardingBenchmark.testMap","avgt",1,100.000000,533581395.846667,9817743.131799,"ns/op",GS,1000,4,2048,
"org.sfm.benchmark.csv.ObjectSizeSfmCsvMapperShardingBenchmark.testMap","avgt",1,100.000000,1309657948.250000,67816863.033433,"ns/op",GS,1000,4,4096,
"org.sfm.benchmark.csv.ObjectSizeSfmCsvMapperShardingBenchmark.testMap","avgt",1,100.000000,171385.849628,288.742178,"ns/op",GS,1000,8,2,
"org.sfm.benchmark.csv.ObjectSizeSfmCsvMapperShardingBenchmark.testMap","avgt",1,100.000000,465476.417520,15469.924371,"ns/op",GS,1000,8,4,
"org.sfm.benchmark.csv.ObjectSizeSfmCsvMapperShardingBenchmark.testMap","avgt",1,100.000000,870512.299834,8355.493319,"ns/op",GS,1000,8,8,
"org.sfm.benchmark.csv.ObjectSizeSfmCsvMapperShardingBenchmark.testMap","avgt",1,100.000000,1999060.402100,39794.331897,"ns/op",GS,1000,8,16,
"org.sfm.benchmark.csv.ObjectSizeSfmCsvMapperShardingBenchmark.testMap","avgt",1,100.000000,4124379.901459,79159.166214,"ns/op",GS,1000,8,32,
"org.sfm.benchmark.csv.ObjectSizeSfmCsvMapperShardingBenchmark.testMap","avgt",1,100.000000,8606951.200002,29973.159884,"ns/op",GS,1000,8,64,
"org.sfm.benchmark.csv.ObjectSizeSfmCsvMapperShardingBenchmark.testMap","avgt",1,100.000000,15862960.737206,306444.861564,"ns/op",GS,1000,8,128,
"org.sfm.benchmark.csv.ObjectSizeSfmCsvMapperShardingBenchmark.testMap","avgt",1,100.000000,45195287.135909,177299.928831,"ns/op",GS,1000,8,256,
"org.sfm.benchmark.csv.ObjectSizeSfmCsvMapperShardingBenchmark.testMap","avgt",1,100.000000,109460233.387000,113432.450780,"ns/op",GS,1000,8,512,
"org.sfm.benchmark.csv.ObjectSizeSfmCsvMapperShardingBenchmark.testMap","avgt",1,100.000000,228299280.904000,5835875.864507,"ns/op",GS,1000,8,1024,
"org.sfm.benchmark.csv.ObjectSizeSfmCsvMapperShardingBenchmark.testMap","avgt",1,100.000000,571241952.573333,16474045.029341,"ns/op",GS,1000,8,2048,
"org.sfm.benchmark.csv.ObjectSizeSfmCsvMapperShardingBenchmark.testMap","avgt",1,100.000000,2148660255.920000,79449558.030786,"ns/op",GS,1000,8,4096,
"org.sfm.benchmark.csv.ObjectSizeSfmCsvMapperShardingBenchmark.testMap","avgt",1,100.000000,171509.341094,275.342533,"ns/op",GS,1000,16,2,
"org.sfm.benchmark.csv.ObjectSizeSfmCsvMapperShardingBenchmark.testMap","avgt",1,100.000000,481081.036596,3710.398826,"ns/op",GS,1000,16,4,
"org.sfm.benchmark.csv.ObjectSizeSfmCsvMapperShardingBenchmark.testMap","avgt",1,100.000000,863211.820840,2817.074198,"ns/op",GS,1000,16,8,
"org.sfm.benchmark.csv.ObjectSizeSfmCsvMapperShardingBenchmark.testMap","avgt",1,100.000000,1246559.041830,4642.621009,"ns/op",GS,1000,16,16,
"org.sfm.benchmark.csv.ObjectSizeSfmCsvMapperShardingBenchmark.testMap","avgt",1,100.000000,2733092.276672,12739.548482,"ns/op",GS,1000,16,32,
"org.sfm.benchmark.csv.ObjectSizeSfmCsvMapperShardingBenchmark.testMap","avgt",1,100.000000,6178224.594015,26442.115961,"ns/op",GS,1000,16,64,
"org.sfm.benchmark.csv.ObjectSizeSfmCsvMapperShardingBenchmark.testMap","avgt",1,100.000000,14077864.102885,118774.379341,"ns/op",GS,1000,16,128,
"org.sfm.benchmark.csv.ObjectSizeSfmCsvMapperShardingBenchmark.testMap","avgt",1,100.000000,39092779.367430,226778.223972,"ns/op",GS,1000,16,256,
"org.sfm.benchmark.csv.ObjectSizeSfmCsvMapperShardingBenchmark.testMap","avgt",1,100.000000,110663457.166778,316992.354295,"ns/op",GS,1000,16,512,
"org.sfm.benchmark.csv.ObjectSizeSfmCsvMapperShardingBenchmark.testMap","avgt",1,100.000000,258939938.685000,4831118.528728,"ns/op",GS,1000,16,1024,
"org.sfm.benchmark.csv.ObjectSizeSfmCsvMapperShardingBenchmark.testMap","avgt",1,100.000000,586333460.930000,17788484.553348,"ns/op",GS,1000,16,2048,
"org.sfm.benchmark.csv.ObjectSizeSfmCsvMapperShardingBenchmark.testMap","avgt",1,100.000000,1678098606.870000,63907449.999826,"ns/op",GS,1000,16,4096,
"org.sfm.benchmark.csv.ObjectSizeSfmCsvMapperShardingBenchmark.testMap","avgt",1,100.000000,172275.800831,787.037974,"ns/op",GS,1000,32,2,
"org.sfm.benchmark.csv.ObjectSizeSfmCsvMapperShardingBenchmark.testMap","avgt",1,100.000000,469880.381669,16693.243330,"ns/op",GS,1000,32,4,
"org.sfm.benchmark.csv.ObjectSizeSfmCsvMapperShardingBenchmark.testMap","avgt",1,100.000000,877536.616550,10392.172032,"ns/op",GS,1000,32,8,
"org.sfm.benchmark.csv.ObjectSizeSfmCsvMapperShardingBenchmark.testMap","avgt",1,100.000000,1238869.091195,2951.057604,"ns/op",GS,1000,32,16,
"org.sfm.benchmark.csv.ObjectSizeSfmCsvMapperShardingBenchmark.testMap","avgt",1,100.000000,2626429.870621,11830.873704,"ns/op",GS,1000,32,32,
"org.sfm.benchmark.csv.ObjectSizeSfmCsvMapperShardingBenchmark.testMap","avgt",1,100.000000,6039462.576917,26876.085198,"ns/op",GS,1000,32,64,
"org.sfm.benchmark.csv.ObjectSizeSfmCsvMapperShardingBenchmark.testMap","avgt",1,100.000000,14098205.523557,98850.101952,"ns/op",GS,1000,32,128,
"org.sfm.benchmark.csv.ObjectSizeSfmCsvMapperShardingBenchmark.testMap","avgt",1,100.000000,38245371.261766,151161.260512,"ns/op",GS,1000,32,256,
"org.sfm.benchmark.csv.ObjectSizeSfmCsvMapperShardingBenchmark.testMap","avgt",1,100.000000,91656073.597500,358767.889263,"ns/op",GS,1000,32,512,
"org.sfm.benchmark.csv.ObjectSizeSfmCsvMapperShardingBenchmark.testMap","avgt",1,100.000000,201803463.523000,708386.193844,"ns/op",GS,1000,32,1024,
"org.sfm.benchmark.csv.ObjectSizeSfmCsvMapperShardingBenchmark.testMap","avgt",1,100.000000,593763926.300000,34493605.870477,"ns/op",GS,1000,32,2048,
"org.sfm.benchmark.csv.ObjectSizeSfmCsvMapperShardingBenchmark.testMap","avgt",1,100.000000,2565659844.600000,28700316.094142,"ns/op",GS,1000,32,4096,
"org.sfm.benchmark.csv.ObjectSizeSfmCsvMapperShardingBenchmark.testMap","avgt",1,100.000000,171749.557509,345.130456,"ns/op",GS,1000,64,2,
"org.sfm.benchmark.csv.ObjectSizeSfmCsvMapperShardingBenchmark.testMap","avgt",1,100.000000,474780.110696,2038.752134,"ns/op",GS,1000,64,4,
"org.sfm.benchmark.csv.ObjectSizeSfmCsvMapperShardingBenchmark.testMap","avgt",1,100.000000,877876.012768,7820.955221,"ns/op",GS,1000,64,8,
"org.sfm.benchmark.csv.ObjectSizeSfmCsvMapperShardingBenchmark.testMap","avgt",1,100.000000,1245223.018694,6883.771959,"ns/op",GS,1000,64,16,
"org.sfm.benchmark.csv.ObjectSizeSfmCsvMapperShardingBenchmark.testMap","avgt",1,100.000000,2608600.655423,12755.319471,"ns/op",GS,1000,64,32,
"org.sfm.benchmark.csv.ObjectSizeSfmCsvMapperShardingBenchmark.testMap","avgt",1,100.000000,5920758.710082,19549.211406,"ns/op",GS,1000,64,64,
"org.sfm.benchmark.csv.ObjectSizeSfmCsvMapperShardingBenchmark.testMap","avgt",1,100.000000,14112405.909590,41980.760056,"ns/op",GS,1000,64,128,
"org.sfm.benchmark.csv.ObjectSizeSfmCsvMapperShardingBenchmark.testMap","avgt",1,100.000000,35890598.628350,159359.023894,"ns/op",GS,1000,64,256,
"org.sfm.benchmark.csv.ObjectSizeSfmCsvMapperShardingBenchmark.testMap","avgt",1,100.000000,90063832.078636,433877.042375,"ns/op",GS,1000,64,512,
"org.sfm.benchmark.csv.ObjectSizeSfmCsvMapperShardingBenchmark.testMap","avgt",1,100.000000,201397981.284667,3701277.882810,"ns/op",GS,1000,64,1024,
"org.sfm.benchmark.csv.ObjectSizeSfmCsvMapperShardingBenchmark.testMap","avgt",1,100.000000,714914719.105000,29716204.298736,"ns/op",GS,1000,64,2048,
"org.sfm.benchmark.csv.ObjectSizeSfmCsvMapperShardingBenchmark.testMap","avgt",1,100.000000,1907934487.220000,64384830.957411,"ns/op",GS,1000,64,4096,
"org.sfm.benchmark.csv.ObjectSizeSfmCsvMapperShardingBenchmark.testMap","avgt",1,100.000000,171221.986540,255.976757,"ns/op",GS,1000,128,2,
"org.sfm.benchmark.csv.ObjectSizeSfmCsvMapperShardingBenchmark.testMap","avgt",1,100.000000,467839.232497,16003.519953,"ns/op",GS,1000,128,4,
"org.sfm.benchmark.csv.ObjectSizeSfmCsvMapperShardingBenchmark.testMap","avgt",1,100.000000,885597.617912,11973.409906,"ns/op",GS,1000,128,8,
"org.sfm.benchmark.csv.ObjectSizeSfmCsvMapperShardingBenchmark.testMap","avgt",1,100.000000,1240597.079659,3983.116349,"ns/op",GS,1000,128,16,
"org.sfm.benchmark.csv.ObjectSizeSfmCsvMapperShardingBenchmark.testMap","avgt",1,100.000000,2611106.581629,12282.464391,"ns/op",GS,1000,128,32,
"org.sfm.benchmark.csv.ObjectSizeSfmCsvMapperShardingBenchmark.testMap","avgt",1,100.000000,5944836.908494,22739.768597,"ns/op",GS,1000,128,64,
"org.sfm.benchmark.csv.ObjectSizeSfmCsvMapperShardingBenchmark.testMap","avgt",1,100.000000,13867474.946552,96321.641316,"ns/op",GS,1000,128,128,
"org.sfm.benchmark.csv.ObjectSizeSfmCsvMapperShardingBenchmark.testMap","avgt",1,100.000000,34980881.011897,117729.083617,"ns/op",GS,1000,128,256,
"org.sfm.benchmark.csv.ObjectSizeSfmCsvMapperShardingBenchmark.testMap","avgt",1,100.000000,88466507.056515,681028.563051,"ns/op",GS,1000,128,512,
"org.sfm.benchmark.csv.ObjectSizeSfmCsvMapperShardingBenchmark.testMap","avgt",1,100.000000,207108898.219500,5827893.792619,"ns/op",GS,1000,128,1024,
"org.sfm.benchmark.csv.ObjectSizeSfmCsvMapperShardingBenchmark.testMap","avgt",1,100.000000,595990196.670000,15418319.487229,"ns/op",GS,1000,128,2048,
"org.sfm.benchmark.csv.ObjectSizeSfmCsvMapperShardingBenchmark.testMap","avgt",1,100.000000,1388351661.770000,44939933.843061,"ns/op",GS,1000,128,4096,
"org.sfm.benchmark.csv.ObjectSizeSfmCsvMapperShardingBenchmark.testMap","avgt",1,100.000000,171410.380434,327.068797,"ns/op",GS,1000,256,2,
"org.sfm.benchmark.csv.ObjectSizeSfmCsvMapperShardingBenchmark.testMap","avgt",1,100.000000,477402.039163,2982.731554,"ns/op",GS,1000,256,4,
"org.sfm.benchmark.csv.ObjectSizeSfmCsvMapperShardingBenchmark.testMap","avgt",1,100.000000,868784.108911,6081.566998,"ns/op",GS,1000,256,8,
"org.sfm.benchmark.csv.ObjectSizeSfmCsvMapperShardingBenchmark.testMap","avgt",1,100.000000,1239349.689787,3566.734686,"ns/op",GS,1000,256,16,
"org.sfm.benchmark.csv.ObjectSizeSfmCsvMapperShardingBenchmark.testMap","avgt",1,100.000000,2619869.867585,15307.997268,"ns/op",GS,1000,256,32,
"org.sfm.benchmark.csv.ObjectSizeSfmCsvMapperShardingBenchmark.testMap","avgt",1,100.000000,5903429.091662,25936.769920,"ns/op",GS,1000,256,64,
"org.sfm.benchmark.csv.ObjectSizeSfmCsvMapperShardingBenchmark.testMap","avgt",1,100.000000,14005007.579622,135332.360492,"ns/op",GS,1000,256,128,
"org.sfm.benchmark.csv.ObjectSizeSfmCsvMapperShardingBenchmark.testMap","avgt",1,100.000000,34237845.526902,206721.079019,"ns/op",GS,1000,256,256,
"org.sfm.benchmark.csv.ObjectSizeSfmCsvMapperShardingBenchmark.testMap","avgt",1,100.000000,89696766.902561,1295529.916793,"ns/op",GS,1000,256,512,
"org.sfm.benchmark.csv.ObjectSizeSfmCsvMapperShardingBenchmark.testMap","avgt",1,100.000000,207727162.766000,5713529.501711,"ns/op",GS,1000,256,1024,
"org.sfm.benchmark.csv.ObjectSizeSfmCsvMapperShardingBenchmark.testMap","avgt",1,100.000000,555914978.645000,8651598.269903,"ns/op",GS,1000,256,2048,
"org.sfm.benchmark.csv.ObjectSizeSfmCsvMapperShardingBenchmark.testMap","avgt",1,100.000000,1283097431.780000,63969932.300052,"ns/op",GS,1000,256,4096,
"org.sfm.benchmark.csv.ObjectSizeSfmCsvMapperShardingBenchmark.testMap","avgt",1,100.000000,171759.553792,337.603285,"ns/op",GS,1000,512,2,
"org.sfm.benchmark.csv.ObjectSizeSfmCsvMapperShardingBenchmark.testMap","avgt",1,100.000000,467782.486993,16142.441567,"ns/op",GS,1000,512,4,
"org.sfm.benchmark.csv.ObjectSizeSfmCsvMapperShardingBenchmark.testMap","avgt",1,100.000000,869897.392234,10865.371186,"ns/op",GS,1000,512,8,
"org.sfm.benchmark.csv.ObjectSizeSfmCsvMapperShardingBenchmark.testMap","avgt",1,100.000000,1247244.351656,7701.044595,"ns/op",GS,1000,512,16,
"org.sfm.benchmark.csv.ObjectSizeSfmCsvMapperShardingBenchmark.testMap","avgt",1,100.000000,2612391.625957,12290.920707,"ns/op",GS,1000,512,32,
"org.sfm.benchmark.csv.ObjectSizeSfmCsvMapperShardingBenchmark.testMap","avgt",1,100.000000,5892042.279458,19183.154142,"ns/op",GS,1000,512,64,
"org.sfm.benchmark.csv.ObjectSizeSfmCsvMapperShardingBenchmark.testMap","avgt",1,100.000000,13922708.074968,100799.946247,"ns/op",GS,1000,512,128,
"org.sfm.benchmark.csv.ObjectSizeSfmCsvMapperShardingBenchmark.testMap","avgt",1,100.000000,34315209.561207,195377.964135,"ns/op",GS,1000,512,256,
"org.sfm.benchmark.csv.ObjectSizeSfmCsvMapperShardingBenchmark.testMap","avgt",1,100.000000,154082732.940000,2392820.181223,"ns/op",GS,1000,512,512,
"org.sfm.benchmark.csv.ObjectSizeSfmCsvMapperShardingBenchmark.testMap","avgt",1,100.000000,356937370.422500,13315373.919502,"ns/op",GS,1000,512,1024,
"org.sfm.benchmark.csv.ObjectSizeSfmCsvMapperShardingBenchmark.testMap","avgt",1,100.000000,813974583.760000,8530087.580965,"ns/op",GS,1000,512,2048,
"org.sfm.benchmark.csv.ObjectSizeSfmCsvMapperShardingBenchmark.testMap","avgt",1,100.000000,1795915605.490000,58204997.262221,"ns/op",GS,1000,512,4096,
"org.sfm.benchmark.csv.ObjectSizeSfmCsvMapperShardingBenchmark.testMap","avgt",1,100.000000,171542.309122,311.848560,"ns/op",GS,1000,1024,2,
"org.sfm.benchmark.csv.ObjectSizeSfmCsvMapperShardingBenchmark.testMap","avgt",1,100.000000,477918.596107,2076.775934,"ns/op",GS,1000,1024,4,
"org.sfm.benchmark.csv.ObjectSizeSfmCsvMapperShardingBenchmark.testMap","avgt",1,100.000000,868045.947735,5200.934387,"ns/op",GS,1000,1024,8,
"org.sfm.benchmark.csv.ObjectSizeSfmCsvMapperShardingBenchmark.testMap","avgt",1,100.000000,1249961.535796,3868.380291,"ns/op",GS,1000,1024,16,
"org.sfm.benchmark.csv.ObjectSizeSfmCsvMapperShardingBenchmark.testMap","avgt",1,100.000000,2610607.641552,16415.180751,"ns/op",GS,1000,1024,32,
"org.sfm.benchmark.csv.ObjectSizeSfmCsvMapperShardingBenchmark.testMap","avgt",1,100.000000,5913550.473640,19715.765395,"ns/op",GS,1000,1024,64,
"org.sfm.benchmark.csv.ObjectSizeSfmCsvMapperShardingBenchmark.testMap","avgt",1,100.000000,13944362.104259,109118.378744,"ns/op",GS,1000,1024,128,
"org.sfm.benchmark.csv.ObjectSizeSfmCsvMapperShardingBenchmark.testMap","avgt",1,100.000000,34244646.613961,188510.694210,"ns/op",GS,1000,1024,256,
"org.sfm.benchmark.csv.ObjectSizeSfmCsvMapperShardingBenchmark.testMap","avgt",1,100.000000,155316114.912381,3081385.525742,"ns/op",GS,1000,1024,512,
"org.sfm.benchmark.csv.ObjectSizeSfmCsvMapperShardingBenchmark.testMap","avgt",1,100.000000,348002968.415833,11690372.950283,"ns/op",GS,1000,1024,1024,
"org.sfm.benchmark.csv.ObjectSizeSfmCsvMapperShardingBenchmark.testMap","avgt",1,100.000000,810143756.080000,6929666.282969,"ns/op",GS,1000,1024,2048,
"org.sfm.benchmark.csv.ObjectSizeSfmCsvMapperShardingBenchmark.testMap","avgt",1,100.000000,1768117834.880000,58511274.129490,"ns/op",GS,1000,1024,4096,
"org.sfm.benchmark.db.sfm.ObjectSizeJdbcMapperBenchmark.testMap","avgt",1,100.000000,63436.442782,399.782339,"ns/op",GS,1000,,2,FULL_ASM
"org.sfm.benchmark.db.sfm.ObjectSizeJdbcMapperBenchmark.testMap","avgt",1,100.000000,82602.023760,514.565255,"ns/op",GS,1000,,2,PARTIAL_ASM
"org.sfm.benchmark.db.sfm.ObjectSizeJdbcMapperBenchmark.testMap","avgt",1,100.000000,97772.605083,672.445017,"ns/op",GS,1000,,2,NO_ASM
"org.sfm.benchmark.db.sfm.ObjectSizeJdbcMapperBenchmark.testMap","avgt",1,100.000000,135900.497043,302.274025,"ns/op",GS,1000,,4,FULL_ASM
"org.sfm.benchmark.db.sfm.ObjectSizeJdbcMapperBenchmark.testMap","avgt",1,100.000000,144787.115083,1959.930958,"ns/op",GS,1000,,4,PARTIAL_ASM
"org.sfm.benchmark.db.sfm.ObjectSizeJdbcMapperBenchmark.testMap","avgt",1,100.000000,258967.621333,5782.244376,"ns/op",GS,1000,,4,NO_ASM
"org.sfm.benchmark.db.sfm.ObjectSizeJdbcMapperBenchmark.testMap","avgt",1,100.000000,206482.280042,515.108835,"ns/op",GS,1000,,8,FULL_ASM
"org.sfm.benchmark.db.sfm.ObjectSizeJdbcMapperBenchmark.testMap","avgt",1,100.000000,437993.301872,9222.154101,"ns/op",GS,1000,,8,PARTIAL_ASM
"org.sfm.benchmark.db.sfm.ObjectSizeJdbcMapperBenchmark.testMap","avgt",1,100.000000,619176.016691,11941.959278,"ns/op",GS,1000,,8,NO_ASM
"org.sfm.benchmark.db.sfm.ObjectSizeJdbcMapperBenchmark.testMap","avgt",1,100.000000,406564.217320,784.040781,"ns/op",GS,1000,,16,FULL_ASM
"org.sfm.benchmark.db.sfm.ObjectSizeJdbcMapperBenchmark.testMap","avgt",1,100.000000,1058367.898058,15125.846164,"ns/op",GS,1000,,16,PARTIAL_ASM
"org.sfm.benchmark.db.sfm.ObjectSizeJdbcMapperBenchmark.testMap","avgt",1,100.000000,1234113.924287,15049.543094,"ns/op",GS,1000,,16,NO_ASM
"org.sfm.benchmark.db.sfm.ObjectSizeJdbcMapperBenchmark.testMap","avgt",1,100.000000,788939.890652,7603.559574,"ns/op",GS,1000,,32,FULL_ASM
"org.sfm.benchmark.db.sfm.ObjectSizeJdbcMapperBenchmark.testMap","avgt",1,100.000000,2040083.388438,24119.117549,"ns/op",GS,1000,,32,PARTIAL_ASM
"org.sfm.benchmark.db.sfm.ObjectSizeJdbcMapperBenchmark.testMap","avgt",1,100.000000,2699219.064038,38850.078626,"ns/op",GS,1000,,32,NO_ASM
"org.sfm.benchmark.db.sfm.ObjectSizeJdbcMapperBenchmark.testMap","avgt",1,100.000000,1875660.646750,13002.361989,"ns/op",GS,1000,,64,FULL_ASM
"org.sfm.benchmark.db.sfm.ObjectSizeJdbcMapperBenchmark.testMap","avgt",1,100.000000,4270649.682639,39924.774169,"ns/op",GS,1000,,64,PARTIAL_ASM
"org.sfm.benchmark.db.sfm.ObjectSizeJdbcMapperBenchmark.testMap","avgt",1,100.000000,6359444.180430,78472.300849,"ns/op",GS,1000,,64,NO_ASM
"org.sfm.benchmark.db.sfm.ObjectSizeJdbcMapperBenchmark.testMap","avgt",1,100.000000,5200525.807801,60913.837917,"ns/op",GS,1000,,128,FULL_ASM
"org.sfm.benchmark.db.sfm.ObjectSizeJdbcMapperBenchmark.testMap","avgt",1,100.000000,9553531.938973,45205.800190,"ns/op",GS,1000,,128,PARTIAL_ASM
"org.sfm.benchmark.db.sfm.ObjectSizeJdbcMapperBenchmark.testMap","avgt",1,100.000000,14364334.977176,146363.432161,"ns/op",GS,1000,,128,NO_ASM
"org.sfm.benchmark.db.sfm.ObjectSizeJdbcMapperBenchmark.testMap","avgt",1,100.000000,13957427.165027,149924.291297,"ns/op",GS,1000,,256,FULL_ASM
"org.sfm.benchmark.db.sfm.ObjectSizeJdbcMapperBenchmark.testMap","avgt",1,100.000000,20437867.919726,110197.458302,"ns/op",GS,1000,,256,PARTIAL_ASM
"org.sfm.benchmark.db.sfm.ObjectSizeJdbcMapperBenchmark.testMap","avgt",1,100.000000,37477768.905561,371118.610357,"ns/op",GS,1000,,256,NO_ASM
"org.sfm.benchmark.db.sfm.ObjectSizeJdbcMapperBenchmark.testMap","avgt",1,100.000000,45472307.115250,495108.440681,"ns/op",GS,1000,,512,FULL_ASM
"org.sfm.benchmark.db.sfm.ObjectSizeJdbcMapperBenchmark.testMap","avgt",1,100.000000,55533978.223787,854596.486549,"ns/op",GS,1000,,512,PARTIAL_ASM
"org.sfm.benchmark.db.sfm.ObjectSizeJdbcMapperBenchmark.testMap","avgt",1,100.000000,102400244.373545,461253.429051,"ns/op",GS,1000,,512,NO_ASM
"org.sfm.benchmark.db.sfm.ObjectSizeJdbcMapperBenchmark.testMap","avgt",1,100.000000,176536517.444000,3529230.448610,"ns/op",GS,1000,,1024,FULL_ASM
"org.sfm.benchmark.db.sfm.ObjectSizeJdbcMapperBenchmark.testMap","avgt",1,100.000000,135356086.037679,1167825.907867,"ns/op",GS,1000,,1024,PARTIAL_ASM
"org.sfm.benchmark.db.sfm.ObjectSizeJdbcMapperBenchmark.testMap","avgt",1,100.000000,366345107.410167,38458233.285828,"ns/op",GS,1000,,1024,NO_ASM
"org.sfm.benchmark.db.sfm.ObjectSizeJdbcMapperBenchmark.testMap","avgt",1,100.000000,474598066.348333,11482867.049654,"ns/op",GS,1000,,2048,FULL_ASM
"org.sfm.benchmark.db.sfm.ObjectSizeJdbcMapperBenchmark.testMap","avgt",1,100.000000,382081494.415000,15957852.748998,"ns/op",GS,1000,,2048,PARTIAL_ASM
"org.sfm.benchmark.db.sfm.ObjectSizeJdbcMapperBenchmark.testMap","avgt",1,100.000000,1959887719.910000,14021523.639606,"ns/op",GS,1000,,2048,NO_ASM
"org.sfm.benchmark.db.sfm.ObjectSizeJdbcMapperBenchmark.testMap","avgt",1,100.000000,1109976890.495000,68657901.555546,"ns/op",GS,1000,,4096,FULL_ASM
"org.sfm.benchmark.db.sfm.ObjectSizeJdbcMapperBenchmark.testMap","avgt",1,100.000000,935476400.485000,65566603.793410,"ns/op",GS,1000,,4096,PARTIAL_ASM
"org.sfm.benchmark.db.sfm.ObjectSizeJdbcMapperBenchmark.testMap","avgt",1,100.000000,3767480483.340000,13209235.791667,"ns/op",GS,1000,,4096,NO_ASM
"org.sfm.benchmark.db.sfm.ObjectSizeJdbcMapperBenchmark.testMap","avgt",1,100.000000,3786392445.130000,458300228.437857,"ns/op",GS,1000,,8192,PARTIAL_ASM
"org.sfm.benchmark.db.sfm.ObjectSizeJdbcMapperBenchmark.testMap","avgt",1,100.000000,5837251550.140000,96158391.836299,"ns/op",GS,1000,,8192,NO_ASM
